{"cameraMode":{"drawMode":0,"name":"Shaded","section":"Shading Mode"},"sceneLighting":true,"audioPlay":false,"sceneViewState":{"showFog":true,"showMaterialUpdate":false,"showSkybox":true,"showFlares":true,"showImageEffects":true,"showParticleSystems":true},"in2DMode":false,"pivot":{"x":4.71485710144043,"y":-0.46000000834465029,"z":0.687062680721283},"rotation":{"x":0.3286844789981842,"y":0.2507752776145935,"z":-0.09100624173879624,"w":0.9060484170913696},"size":1.41563880443573,"orthographic":false}