{"cameraMode":{"drawMode":0,"name":"Shaded","section":"Shading Mode"},"sceneLighting":true,"audioPlay":false,"sceneViewState":{"showFog":true,"showMaterialUpdate":false,"showSkybox":true,"showFlares":true,"showImageEffects":true,"showParticleSystems":true},"in2DMode":false,"pivot":{"x":383.8142395019531,"y":168.6154022216797,"z":-4.21478271484375},"rotation":{"x":-0.04529115557670593,"y":0.012583542615175248,"z":-0.0005725904484279454,"w":-0.9989121556282044},"size":618.5496215820313,"orthographic":false}