{"cameraMode":{"drawMode":0,"name":"Shaded","section":"Shading Mode"},"sceneLighting":true,"audioPlay":false,"sceneViewState":{"showFog":true,"showMaterialUpdate":false,"showSkybox":true,"showFlares":true,"showImageEffects":true,"showParticleSystems":true},"in2DMode":false,"pivot":{"x":0.030362671241164209,"y":-0.46589791774749758,"z":0.9553197622299194},"rotation":{"x":-0.4206439256668091,"y":-0.14005149900913239,"z":0.06590038537979126,"w":-0.893945038318634},"size":5.850627422332764,"orthographic":false}