{"cameraMode":{"drawMode":0,"name":"Shaded","section":"Shading Mode"},"sceneLighting":false,"audioPlay":false,"sceneViewState":{"showFog":true,"showMaterialUpdate":false,"showSkybox":true,"showFlares":true,"showImageEffects":true,"showParticleSystems":true},"in2DMode":false,"pivot":{"x":506.8801574707031,"y":387.6186828613281,"z":0.046922486275434497},"rotation":{"x":0.05697936192154884,"y":0.0027190563268959524,"z":-0.00016291785868816078,"w":0.9983795285224915},"size":2145.565673828125,"orthographic":false}