{"cameraMode":{"drawMode":0,"name":"Shaded","section":"Shading Mode"},"sceneLighting":false,"audioPlay":false,"sceneViewState":{"showFog":true,"showMaterialUpdate":false,"showSkybox":true,"showFlares":true,"showImageEffects":true,"showParticleSystems":true},"in2DMode":false,"pivot":{"x":400.0231018066406,"y":155.34457397460938,"z":-0.7392120361328125},"rotation":{"x":0.00900992937386036,"y":-0.0032754295971244575,"z":0.000021463551092892885,"w":0.999963104724884},"size":125.13496398925781,"orthographic":false}