{"cameraMode":{"drawMode":0,"name":"Shaded","section":"Shading Mode"},"sceneLighting":false,"audioPlay":false,"sceneViewState":{"showFog":true,"showMaterialUpdate":false,"showSkybox":true,"showFlares":true,"showImageEffects":true,"showParticleSystems":true},"in2DMode":false,"pivot":{"x":0.1626279205083847,"y":-0.5443651676177979,"z":1.2333413362503052},"rotation":{"x":-0.30257079005241396,"y":-0.09587644785642624,"z":0.030614512041211129,"w":-0.9477981925010681},"size":4.155102729797363,"orthographic":false}