{"cameraMode":{"drawMode":0,"name":"Shaded","section":"Shading Mode"},"sceneLighting":false,"audioPlay":false,"sceneViewState":{"showFog":true,"showMaterialUpdate":false,"showSkybox":true,"showFlares":true,"showImageEffects":true,"showParticleSystems":true},"in2DMode":false,"pivot":{"x":-1.2447916269302369,"y":-0.1506565809249878,"z":-0.016061486676335336},"rotation":{"x":-0.10685618966817856,"y":-0.7709740400314331,"z":0.13434070348739625,"w":-0.6132972240447998},"size":1.5974888801574708,"orthographic":false}