{"cameraMode":{"drawMode":0,"name":"Shaded","section":"Shading Mode"},"sceneLighting":false,"audioPlay":false,"sceneViewState":{"showFog":true,"showMaterialUpdate":false,"showSkybox":true,"showFlares":true,"showImageEffects":true,"showParticleSystems":true},"in2DMode":false,"pivot":{"x":340.2220764160156,"y":237.24781799316407,"z":0.135223388671875},"rotation":{"x":-0.031484656035900119,"y":0.005721624009311199,"z":0.00017197401029989123,"w":0.9995012879371643},"size":258.8969421386719,"orthographic":false}